epoch,split,accuracy,dog_pred_count,cat_pred_count,others_pred_count,dog_recall,cat_recall,others_recall,mean_dog_score_on_dog,mean_cat_score_on_dog,mean_others_score_on_dog,mean_dog_score_on_cat,mean_cat_score_on_cat,mean_others_score_on_cat,mean_dog_score_on_others,mean_cat_score_on_others,mean_others_score_on_others
0,mini_train,0.5555555555555556,1,2,6,0.3333333333333333,0.3333333333333333,1.0,0.0419707964783648,0.23164048782288385,0.5220402203732417,0.22301354153487332,0.5066987875047769,0.7123285833355961,-0.3292511775448958,0.02685905911824778,0.7338036133674998
0,probe,0.5,0,2,4,0.0,0.5,1.0,-0.33584843969698197,0.6459456038809079,0.8657000010215563,0.5416084389022362,0.6199675869545234,0.847873619910263,-0.34147521537338577,-0.2579787488880262,0.5644749565397588
1,mini_train,0.5555555555555556,1,2,6,0.3333333333333333,0.3333333333333333,1.0,-0.038561787526391354,0.008172689355070465,0.08901999005171769,-0.3739761680316301,0.22800244796640903,0.347671948167114,-0.6399734686368963,-0.3211881662238074,0.5641999407428128
1,probe,0.5,0,2,4,0.0,0.5,1.0,-0.48990844964650926,0.5633718291755303,0.7283163933644038,0.3464138617431616,0.588142122728612,0.6901972222940751,-0.45012075608686863,-0.3666597097305422,0.22554935606307894
